{"distinct": [[{"description": "quicken basic 2007 lets you track all your financial information and make the right spending decisions. you'll have all you need to know about your financial status right at your fingertips and make informed choices in minutes. quicken basic works just like your checkbook so it's easy to get started. you'll be able to see your complete financial picture in minutes!", "title": "quicken 2007 basic", "price": "29.95", "source": "amazon", "id": "b000h16p9m", "manufacturer": "intuit"}, {"description": "passwords plus stores all your personal information safely and securely in one spot. keep your pins passwords credit card numbers bank accounts frequent flyer info and more from falling into the wrong hands. the software synchronizes your pc and mobile devices always ensuring your personal information is up-to-date when and where you need it. you can even synchronize your handheld with both your work and home pc. also it keeps your personal information truly safe and secure with industry-standard 128-bit blowfish encryption so your information is safe whether it is stored on your pc handheld or smartphone.", "title": "passwords plus 1.0", "price": "29.99", "source": "amazon", "id": "b00008ajjc", "manufacturer": "dataviz"}], [{"description": "the new! master landscape pro and home design v10 includes a more robust interface for editing specifying precise dimensions displaying options and more. new enhancements for pool design gps sun angles and content updater along with 3d ...", "title": "punch software master landscape professional & home design v 10.0", "price": "69.99", "source": "google", "id": "http://www.google.com/base/feeds/snippets/4968803125750101769", "manufacturer": ""}, {"description": "finale 2007 for macintosh(r) g4 or higher recommended. os 10.3.9 and higher. cd or dvd-rom drive. 800x600 minimum monitor resolution. minimum 256mb ram (1gb or more recommended for optional use of garritan sounds / kontakt player: more ram = more ...", "title": "makemusic finale 2007 academic create edit and print sheet music", "price": "269", "source": "google", "id": "http://www.google.com/base/feeds/snippets/866471509127749885", "manufacturer": ""}], [{"description": "webexpress (win 95 98)", "title": "webexpress", "price": "69.99", "source": "amazon", "id": "b00002s75b", "manufacturer": "ingram micro"}, {"description": "xpress pro hd real-time dv sd hd & film editing software w/avid mojo (dna) hardware - win/mac the xpress pro hd software with mojo hardware from avid combines real-world real-time dv sd hd and film editing software with avid's popular mojo capture ...", "title": "avid avid xpress pro hd real-time realtime video editing software + avid mojo hardware professional editing software", "price": "1999", "source": "google", "id": "http://www.google.com/base/feeds/snippets/9267896230814513152", "manufacturer": ""}], [{"description": "hop q*bert around the board while avoiding coily ugg wrongway slick and sam! look out for coily he'll chase q*bert all around the board. change the color of the cubes to complete each round. based on the 80's arcade phenomenon q*bert 2005 offers 50 different board shapes and level after level of hopping-mad fun!", "title": "q*bert", "price": "9.99", "source": "amazon", "id": "b000ra20uq", "manufacturer": "encore"}, {"description": "webroot software inc 50410 : stop spyware from monitoring your online activities and reducing pc performance. detect and safely remove spyware and adware from your pc and block unwanted programs before they can infect your computer. system ...", "title": "webroot software inc 50410 - spy sweeper w/antivirus family edition (small box) - win 2000 xp", "price": "41.97", "source": "google", "id": "http://www.google.com/base/feeds/snippets/5571864419424285346", "manufacturer": ""}], [{"description": "encore software 10075 : the leading typing tutorial for 11 years mavis beacon teaches typing v.17 is the only typing software guaranteed to improve your typing in 2 weeks. system requirements: windows system requirements windows 98/me/2000/xp 266 ...", "title": "encore software 10075 - encore mavis beacon teaches typing v.17.0 standard - typing tutor - pc mac", "price": "18.97", "source": "google", "id": "http://www.google.com/base/feeds/snippets/9246547342017279002", "manufacturer": ""}, {"description": "grass valley procoder 3 continues to provide high-speed high-quality video conversion between multiple formats incorporating the existing features and workflow options found in procoder 2.0 and adding several key new features including canopus hq ...", "title": "procoder 3", "price": "438.07", "source": "google", "id": "http://www.google.com/base/feeds/snippets/11369036895201522338", "manufacturer": ""}], [{"description": "taxcut home and business with state and e-file software for windows the taxcut home and business with state and e-file software from h&r block is a tax preparation program that gives you the tools necessary to prepare and file your business and ...", "title": "h&r block taxcut home and business with state and e-file efile software for windows tax & finance software", "price": "73.95", "source": "google", "id": "http://www.google.com/base/feeds/snippets/13916432686331461255", "manufacturer": ""}, {"description": "boostxp by allume - maximum pc performance! now anyone can keep their computer in peak condition! boost performance protect your pc clean-up clutter customize your pc. key benefits boost performance the most thorough way to tune-up your pc. improve ...", "title": "boost xp", "price": "15.9", "source": "google", "id": "http://www.google.com/base/feeds/snippets/7039940734695244235", "manufacturer": ""}], [{"description": "introduce your child to an exciting on-screen learning environment brimming with award-winning adventures that will build essential skills while having fun.introduce your child to an exciting on-screen learning environment brimming with ...", "title": "adventure workshop preschool-1st grade 8th edition win", "price": "18.36", "source": "google", "id": "http://www.google.com/base/feeds/snippets/18386729116244999637", "manufacturer": ""}, {"description": "un-chain your mind with chainz a challenging puzzle game of colorful logic. rotate links to form chains of matching colors. set up chain reactions and incorporate bonus links for big rewards. you can play at your own pace or try and beat the clock!", "title": "chainz", "price": "7.95", "source": "google", "id": "http://www.google.com/base/feeds/snippets/10653650044147063663", "manufacturer": ""}], [{"description": "xoom movies on psp enables you to quickly convert your dvds or movie files into a format your psp can read and understand. get the best possible picture and audio quality for 10 different input formats: dvd (s)vcd divx avi wmv real mpeg quicktime ...", "title": "movies on psp", "price": "15.9", "source": "google", "id": "http://www.google.com/base/feeds/snippets/17010841797296818807", "manufacturer": ""}, {"description": "this innovative software series enables your disklavier mark iii piano to perform with the world's most popular cds! using yamaha's pianosmart technology this companion diskette will magically empower your disklavier mark iii to accompany the ...", "title": "blair aaronson donny osmond yamaha donny osmond - this is the moment - smart pianosoft", "price": "14.86", "source": "google", "id": "http://www.google.com/base/feeds/snippets/16916049275137353118", "manufacturer": ""}], [{"description": "weekly reader?s mastering elementary & middle school math is an excellent way to help students of all levels succeed in math. dynamic audio and video powered lesions make learning fun and facilitate understanding of core math concepts. lessons com", "title": "fogware publishing weekly reader ls mastering elementary & middle school math", "price": "16.93", "source": "google", "id": "http://www.google.com/base/feeds/snippets/18037480601440105621", "manufacturer": ""}, {"description": "you are the doctor! emergency room code red legacy's latest interactive medical game combines the best of television drama and realistic gameplay in an unprecedented cd-rom experience. with all new cases and storylines emergency room code red extends the popular emergency room series and thought-provoking gameplay. as an er doctor in a community rife with riots and chaos you'll confront dramatic emergency cases use realistic medical tools and procedures and witness photo-realistic injuries. every decision is critical. emergency room code red is perfect for anyone with or without medical training who wants to know what it's really like to be a doctor. time triggers increase the pressure to perform critical procedures fast - after all this is an emergency room", "title": "er", "price": "19.99", "source": "amazon", "id": "b0002yitti", "manufacturer": "vivendi universal"}], [{"description": "note: this is the upgrade version of adobe creative suite 3 design standard. adobe creative suite 3 design standard upgrade software is the indispensable toolkit for professional design and print production. it combines all-new versions of essential tools for page layout image editing illustration and adobe pdf workflows in a tightly integrated creative environment. with design standard you can express and print your ideas faster and more easily than ever before. design and print graphically rich materials such as magazine spreads with the tightly integrated productive tools in adobe creative suite 3 design standard. master deadlines in design and print production adobe creative suite 3 design standard software is the indispensable toolkit for professional design and print production offering all-new versions of essential tools for page layout image editing illustration and adobe pdf workflows. design with essential tools take your designs from concept to completion with adobe creative suite 3 design standard which helps you create and print your best work. from sketching concepts to finessing production details you can create beautiful sophisticated designs with creative suite design standard. take advantage of new creative effects and finer transparency controls in adobe indesign software; explore apply and control color variations using the new live color environment in adobe illustrator software; and apply new nondestructive smart filters in adobe photoshop software. design standard helps you express your best ideas more easily and efficiently than ever before. keep your ideas flowing adobe creative suite 3 design standard lets you slip into the creative zone and stay there by offering tight integration and shared productivity features that enable you to move fluidly between tasks. easily share assets among components--double-click an asset in an indesign layout to quickly open it in photoshop or illustrator for example or use smart objects to nondestructively edit illustrator artwork in photoshop. visually manage assets in adobe bridge manage workgroup files with adobe version cue and shop for royalty-free images using adobe stock photos--all from within design standard. print with confidence enjoy rock-solid streamlined print production using creative suite 3 design standard. generate predictable printed output with features such as synchronized color settings and shared pdf presets. help minimize errors by using output previews before you print and exert fine control over output using consistent comprehensive professional printing options. streamline prepress using adobe acrobat software to preflight and correct adobe pdf files and to automate workflows with jdf. with design standard you can reliably print beautiful content with the utmost efficiency. adobe photoshop cs3 for unrivaled image editing adobe illustrator cs3 for inspired vector graphics creation adobe indesign cs3 for professional page layout adobe acrobat 8 professional for efficient adobe pdf workflows audience benefit design professionals--express your ideas in print using adobe creative suite 3 design standard software the graphic designer's indispensable toolkit for professional design and print production. creative suite 3 design standard offers a tightly integrated unified creative environment that combines essential tools for professional page layout image editing illustration and adobe pdf workflows with visual asset management workgroup file management and other shared productivity features. with design standard you can remove technical distractions and find your creative flow producing and printing beautiful content faster and more easily than ever before. print professionals--adobe creative suite 3 design standard software is adobe's high-quality creation and production environment for reliable print layout and output. it combines full new versions of adobe's leading design and print production tools--adobe indesign cs3 photoshop cs3 illustrator cs3 and acrobat 8 professional--with integrated productivity features all in a unified creative environment. design standard gives you and your customers streamlined controls for more consistent color and press-ready adobe pdf files including support for new pdf/x-4 (draft) and pdf/a industry standards in acrobat 8 professional as well as preflighting with automated file correction and support for jdf automation. creative suite 3 design standard helps you realize smooth production processes and reliable final output. it professionals--adobe creative suite 3 design standard software enables creative teams to realize their ideas more quickly and efficiently than ever before. built on industry standards to provide long-term compatibility design standard can be deployed easily across networks is extensible and scriptable and can be tailored to meet a variety of specialized publishing needs. design standard combines full new versions of adobe's essential design and print production tools--adobe indesign cs3 photoshop cs3 illustrator cs3 and acrobat 8 professional--with integrated productivity features for creative workgroups. offering a single installer and serial number for easy installation and backed by the quality and reliability adobe is known for creative suite 3 design standard meets the design and print production needs of your creative team. visually manage assets in adobe bridge test mobile designs in adobe device central coordinate with team members using adobe version cue host real-time web-based meetings with adobe acrobat connect top new benefits of adobe creative suite 3 design standard all-new versions of essential creative tools experience a highly productive creative toolkit with adobe indesign cs3 for professional page layout adobe photoshop cs3 for unrivaled image editing adobe illustrator cs3 for inspired vector graphics creation and adobe acrobat 8 professional for efficient adobe pdf workflows. unified design environment work efficiently in an interface that's common across many components of design standard. new self-adjusting panels dock conveniently out of your way when not in use and pop out when you need them. maximize screen mode keeps panels from overlapping the document window. support for the latest mac and windows systems get the most out of design standard on intel based mac systems and microsoft windows vista computers. work smoothly on legacy powerpc based mac and windows xp systems as well. efficient powerful page design with adobe indesign cs3 explore more creative possibilities and experience new levels of productivity using indesign cs3 which offers powerful features for creating graphically rich complex documents; professional typographic controls; and robust reliable printing. inspired vector graphics creation in adobe illustrator cs3 explore apply and control color variations using live color in illustrator cs3. select and align points and edit paths more easily than ever define crop areas interactively for print or export and enjoy improved operating performance. powerful digital imaging with adobe photoshop cs3 select image regions more intuitively apply filters nondestructively and align and blend similar images to quickly produce the best composite using photoshop cs3. pdf file creation and collaboration with adobe acrobat 8 professional create reliable final print documents using acrobat 8 professional. conduct server-based shared reviews preflight and automatically correct adobe pdf files and work in a more streamlined intuitive interface. visual media management in adobe bridge cs3 efficiently organize browse locate and preview assets with adobe bridge cs3 which offers faster performance; customizable workspaces; nondestructive batch-editing of tiff jpeg and camera raw files; direct playback of flash files; and direct access to useful services such as adobe stock photos*. real-time interactive web conferences with acrobat connect use bridge or acrobat to launch acrobat connect the web-based conferencing system for real-time interactive meetings such as design reviews. for a low monthly fee host online conferences in a meeting room that you set up once and is readily available. advanced workgroup file management with adobe version cue cs3 use version cue to manage the use of files within creative teams. track multiple versions prevent overwriting find the files you need quickly conduct browser-based adobe pdf reviews and control access to files on a project-by-project basis. additional features unprecedented integration for exceptional productivityenjoy a consistent design experience across indesign illustrator and photoshop with shared interface elements such as self-adjusting panels that dock out of your way when not in use. and use native file formats smoothly across software components to streamline design and production. powerful color and printing capabilities print photoshop composites illustrator artwork and indesign layouts with confidence thanks to robust color options consistent color settings and professional output controls for high-quality printing. exceptional native file format support open photoshop images in illustrator and illustrator artwork in photoshop and place both types of native files as well as adobe pdf files in indesign layouts. streamline your design and production processes in myriad ways using native file format support. reliable adobe pdf workflows use adobe pdf to create reliable and consistent final output streamline print productionincluding automatically fixing mistakes found during preflight and automate processes using jdf. cross-media publishing contribute your assets to cross-media workflows. hand off photoshop image comps for use in web prototyping preview illustrator artwork as it might appear on a mobile device and export indesign layouts as xhtml for use by colleagues in web page layouts. shared features and services work more efficiently using a host of shared features and services including adobe stock photos* for purchasing royalty-free images; acrobat connect* for hosting web-based interactive meetings; and version cue cs3 for workgroup file management. powerful jdf workflows automatically convert adobe indesign files to adobe pdf and preflight and validate them against the targeted output intent (including number of pages page size and more) using enhanced jdf-based workflows. streamlined print production preflight adobe pdf files in acrobat and fix problems before they get to press. automatically correct hairlines downsample image resolution flatten transparency and more. efficient and easy-to-manage deployment easily deploy design standard using a single installer and serial number and track manage and accurately allocate adobe software assets using adobe license manager. industry-standard scripting automate tasks across design standard by writing scripts in javascript applescript microsoft visual basic and extendscript. * online services including but not limited to adobe stock photos and acrobat connect may not be available in all countries languages and currencies. availability of services is subject to change. use of online services is governed by terms and conditions of a separate agreement and may be subject to additional fees. for details visit www.adobe.com. adobe creative suite 3: what's in each edition? adobe creative suite 3 editions design premium design standard web premium web standard production premium master collection adobe photoshop cs3 extended adobe photoshop cs3 adobe illustrator cs3 adobe indesign cs3 adobe acrobat 8 professional adobe flash cs3 professional adobe dreamweaver cs3 adobe contribute cs3 adobe fireworks cs3 adobe after effects cs3 professional adobe premiere pro cs3 adobe soundbooth cs3 adobe encore cs3 adobe onlocation * adobe ultra cs3 * additional features and services in adobe creative suite 3 adobe bridge cs3 adobe version cue cs3 adobe device central cs3 adobe dynamic link adobe stock photos adobe acrobat connect * adobe ultra runs on microsoft windows only. for macintosh users adobe onlocation requires bootcamp and windows (purchased separately) or a separate windows-based computer.", "title": "adobe creative suite cs3 design standard upgrade [mac]", "price": "399", "source": "amazon", "id": "b000o27qfq", "manufacturer": "adobe"}, {"description": "adobe creative suite 3 web standard software is the basic toolkit for web designers and developers. it offers all-new versions of fundamental tools for creating and maintaining interactive websites applications and mobile device content. prototype your projects design assets and build and maintain professional web experiences. flash cs3 professional for interactive design dreamweaver cs3 for web design and development acrobat 8 professional for adobe pdf workflows build your prototype with adobe fireworks cs3 streamline web design development and maintenance adobe creative suite 3 web standard software is the basic toolkit for web designers and developers. it offers all-new versions of fundamental tools for creating and maintaining interactive websites applications and mobile device content. prototype your projects design assets and build and maintain professional web experiences. get the fundamental tools move from concept to completion with adobe creative suite 3 web standard software. design assets and build your prototype with adobe fireworks cs3 software. bring your project to life with adobe dreamweaver cs3 and adobe flash cs3 professional the preferred web design and development tools. easily maintain the final project and integrate user-generated content with adobe contribute cs3. creative suite 3 web standard combines the fundamental web tools all in one place. discover intelligent integration take advantage of tight integration between your core tools so you can forget the software and focus on the project. roundtrip editing between adobe fireworks cs3 flash cs3 and dreamweaver cs3 ensures a fluid workspace that makes it easy to move and modify assets. improved css support allows you to start your css in fireworks and easily transition to dreamweaver. dreamweaver and contribute offer improved rendering compatibility as well as new flv tools that accelerate video integration. enjoy the latest workflows use the integrated tools in creative suite 3 web standard to refine your current skill set while expanding into exciting new techniques and technologies. catch the wave of online video with sophisticated web video tools or explore new opportunities in mobile content design. reach into development with the spry framework for ajax and new actionscript 3.0 language for flash. with creative suite 3 web standard the future is yours. visually manage assets in adobe bridge test mobile designs in adobe device central coordinate with team members using adobe version cue host real-time web-based meetings with adobe acrobat connect top new features of adobe creative suite 3 latest versions of the best tools get the newest releases of the industry's favorite tools for web design and development. adobe creative suite 3 web standard software offers innovative new features and advanced integration across adobe dreamweaver cs3 adobe flash cs3 professional adobe fireworks cs3 and adobe contribute cs3 software. high-productivity tools turbo-charge the web design and development process. roundtrip editing between fireworks flash and dreamweaver enables speedy prototyping graphics creation and optimization. move css layouts from fireworks to dreamweaver. use contribute with dreamweaver for controlled user-based web maintenance. emerging technologies prepare for the next generation of web technology while applying best practices. create dynamic user interfaces with css and ajax add flash video incorporate new standards-based user elements and support user-generated content for dynamic experiences. creative flexibility flow through the design process quickly with new flash creative tools such as the pen tool for better control shape primitives for easily creating unique shapes and new filter effects. use advanced video exporting and encoding to create high-quality video experiences. actionscript 3.0 development go farther with actionscript 3.0 the high-performance object-oriented programming language for adobe flash player. convert animations to actionscript and explore a whole new world of customization using the rich language api libraries and expansive community support services. rapid prototyping mock up css designs in fireworks with speed and ease. a common library contains prebuilt easily accessible objects such as forms browser and os elements. apply reskinnable color weight and font elements. move designs into flash and dreamweaver or leverage an extensible api. easy web maintenance free yourself from simple web edits. with contribute cs3 enable individuals or workgroups to easily edit and publish content to websites and blogs from a controlled permissions-based application or from within microsoft applications. mobile content authoring use adobe device central cs3 to design develop preview and test content for a wide range of mobile and consumer devices. easily showcase your work in numerous mobile device skins through built-in and regularly updated device profiles. browser and platform compatibility ensure your experience is consistent across any operating system browser or platform using the new browser compatibility check in dreamweaver and the adobe css advisor website an invaluable source of user-contributed insight on css issues. macintosh or windows pick your platform. creative suite 3 web standard is available for mac os--including intel based macintosh computers--windows xp and windows vista. design in your preferred platform and then deliver across platforms with consistent results. additional features powerful integration leverage integrated workflows that enable fast efficient exchange of assets so you move from design to delivery efficiently. roundtrip editing between fireworks flash and dreamweaver enables speedy prototyping graphics creation and optimization. import files from other adobe creative tools. professional interactive design discover the powerful expressive flash authoring environment. add life to graphics with acclaimed animation tools high-quality text rendering filters and other effects and the popular flash video tools complete with alpha channel support and batch rendering. latest technologies and standards keep pace with evolving technology and standards. design with css and xml; integrate with development environments like html xhtml xml adobe coldfusion asp asp.net jsp or php; test content across myriad browsers and operating systems; and prepare for the new internet protocol version 6 (ipv6). best practices easily apply best practices of web design and development. create consistent css-based designs with the css layout and visualization tools in dreamweaver. drag and drop an xml feed onto a web page. use the industry's first integrated tool for section 508 and wcag priority 2 checkpoints. produce for today and tomorrow whether you're updating a website to support the latest standards and technologies integrating interactive video migrating to css-based designs conforming to accessibility governances or experimenting with mobile content development creative suite 3 web standard lets you get it done today yet scales to support new web or device projects in the future. adobe creative suite 3: what's in each edition? adobe creative suite 3 editions design premium design standard web premium web standard production premium master collection adobe photoshop cs3 extended adobe photoshop cs3 adobe illustrator cs3 adobe indesign cs3 adobe acrobat 8 professional adobe flash cs3 professional adobe dreamweaver cs3 adobe contribute cs3 adobe fireworks cs3 adobe after effects cs3 professional adobe premiere pro cs3 adobe soundbooth cs3 adobe encore cs3 adobe onlocation * adobe ultra cs3 * additional features and services in adobe creative suite 3 adobe bridge cs3 adobe version cue cs3 adobe device central cs3 adobe dynamic link adobe stock photos adobe acrobat connect * adobe ultra runs on microsoft windows only. for macintosh users adobe onlocation requires bootcamp and windows (purchased separately) or a separate windows-based computer.", "title": "adobe creative suite cs3 web standard [mac]", "price": "999", "source": "amazon", "id": "b000ndibge", "manufacturer": "adobe"}], [{"description": "microsoft 122-00411 : today's software systems are comprised of numerous distributed services spanning platforms protocols and programming languages all with significant impact on the operations environment. moreover teams have become ...", "title": "microsoft 122-00411 - visual studio 2005 team edition for software testers with msdn premium subscription renewal - complete product - programming tool - standard - 1 user(s) - complete product - english - pc- free shipping", "price": "2069.97", "source": "google", "id": "http://www.google.com/base/feeds/snippets/3137318477096164629", "manufacturer": ""}, {"description": "", "title": "master server-upg", "price": "174.99", "source": "google", "id": "http://www.google.com/base/feeds/snippets/18443105453266961029", "manufacturer": ""}], [{"description": "over 8000000 sold! used by fortune 500 companies and top government agencies for training learn2 training for microsoft powerpoint will walk you through the process of learning the world's most popular presentation software for pcs. learn2 training ...", "title": "learn2 training for microsoft powerpoint (win 95 98 me nt 2000 xp)", "price": "9.99", "source": "google", "id": "http://www.google.com/base/feeds/snippets/18395637668335924867", "manufacturer": ""}, {"description": "you are the doctor! emergency room code red legacy's latest interactive medical game combines the best of television drama and realistic gameplay in an unprecedented cd-rom experience. with all new cases and storylines emergency room code red extends the popular emergency room series and thought-provoking gameplay. as an er doctor in a community rife with riots and chaos you'll confront dramatic emergency cases use realistic medical tools and procedures and witness photo-realistic injuries. every decision is critical. emergency room code red is perfect for anyone with or without medical training who wants to know what it's really like to be a doctor. time triggers increase the pressure to perform critical procedures fast - after all this is an emergency room", "title": "er", "price": "19.99", "source": "amazon", "id": "b0002yitti", "manufacturer": "vivendi universal"}], [{"description": "emc cz24h6175 emc retrospect 7.5 client 5pk windows emc insignia retrospect clients - ( v. 7.5 ) - upgrade package - 5 clients - cd - win 0093156011419", "title": "emc cz24h6175 emc retrospect 7.5 client 5pk windows emc insignia retrospect clients - ( v. 7.5 ) - upgrade package - 5 clients - cd - win 0093156011419", "price": "47.26", "source": "google", "id": "http://www.google.com/base/feeds/snippets/18356905177755790177", "manufacturer": ""}, {"description": "emc retrospect 7.5 svr 1-client windows", "title": "emc retrospect 7.5 svr 1-client windows", "price": "249", "source": "amazon", "id": "b000ehpzxq", "manufacturer": "dantz"}], [{"description": "ideal for film video and multimedia professionals and graphic and web designers using 3d and motion as well as professionals in engineering and science adobe photoshop cs3 extended software delivers everything in photoshop cs3 and more. render and incorporate 3d images into your 2d composites. stop time with easy editing of motion graphics on video layers. and probe your images with measurement analysis and visualization tools. the professional standard now comes in two versions& 151;photoshop cs3 and photoshop cs3 extended with additional features and enhancements for specialized image professionals. the clone stamp and healing brush tools now feature an overlay preview of the source areas. the loupe tool in adobe bridge cs3 lets you easily zoom into the fine detail of any image. zoomify export allows you to efficiently display even the highest resolution imagery over low bandwidth web connections. edit 3d and motion-based images adobe photoshop cs3 extended includes key new capabilities that let you incorporate 3d and motion-based content into your image editing workflow. now you can render 3d content into your 2d composites edit existing textures on 3d models and embed your edited models into adobe pdf files for easy collaboration with colleagues. plus you can animate video frames paint and clone over multiple video frames and import and export video files in a wide range of formats. analyze images with precision photoshop cs3 extended helps professionals in manufacturing medicine architecture engineering and scientific research gain more insight from images. measurement and counting tools enable analysis of 2d and 3d images. matlab users can pull image data from photoshop extended into matlab and visualize results of matlab algorithms back in the software. and medical professionals can correct annotate and analyze dicom files. adobe bridge for photoshop cs3 extended features faster performance the filters panel to quickly narrow your view the new loupe tool for close-up inspection of any image and much more. photoshop cs3 extended enables you to open native 3d file formats manipulate the models in 3d space open and edit textures applied to the models and then easily composite the results with 2d images. new features for motion graphics professionals in photoshop cs3 extended include cloning and healing over time with the help of the new clone source palette and preview overlays the enhanced animation palette for time-based editing and native video layers in color depths from 8- to 32-bit. brushes layers and selections are just three of the core editing features now available for 32-bit hdr images exclusively in photoshop cs3 extended. work more productively with improved performance throughout the editing workflow photoshop cs3 extended helps you work more productively--even when editing the most specialized images. experience native performance on both intel and powerpc based macs and on microsoft windows vistaa systems. maximize your workspace with a streamlined interface process raw images with increased speed and quality and manage assets more efficiently in the revamped adobe bridge cs3. composite and edit with unrivaled power leverage the power of the industry standard for the utmost creative control in image editing and compositing. now you can apply filters nondestructively manage and correct color more easily convert color images to rich black-and-white with one click and retouch images with more powerful cloning and healing tools. plus you can enjoy advanced compositing with breakthrough tools for aligning and blending layers automatically and making image selections with one brush stroke. product highlights experience smooth handling of 3d and motion-based content. gain deeper insights from your images with new measurement and analysis tools. boost your productivity with a streamlined interface enhancements to raw-image processing and asset management workflows and more. achieve your vision with unrivaled power to edit composite and experiment. audience benefit film video and multimedia professionals and graphic and web designers using 3d and motion--with adobe photoshop cs3 extended software you can now leverage the power of the photoshop image-editing toolset and paint engine when editing 3d and motion-based content for film video the web and mobile devices. manufacturing and design engineers--with adobe photoshop cs3 extended software you can easily import rotate and create different rendering modes and edit existing textures on 3d models to enhance 3d content or create compelling composites of 2d and 3d content. medical professionals--adobe photoshop cs3 extended software helps you improve patient care with powerful tools for documenting and analyzing treatment and visualizing potential outcomes. architects and engineers--adobe photoshop cs3 extended software helps you communicate your vision clearly and make an impact with all of your drawings and designs. scientific researchers--adobe photoshop cs3 extended software delivers new tools for analyzing and extracting data from images and offers powerful presentation capabilities to help you communicate your discoveries. students and educators--with features designed for professionals in video and motion graphics production manufacturing medicine architecture engineering and scientific research adobe photoshop cs3 extended software is a key new tool for students pursuing careers in these fields and for their instructors. product overview get everything in adobe photoshop cs3 software and more with photoshop cs3 extended which enables you to edit 3d and motion-based content and perform image analysis. edit 3d and motion-based images 3d image editing 3d compositing and texture editing easily render and incorporate rich 3d content into your 2d composites--even edit textures on 3d models directly within photoshop extended and immediately see the results. photoshop extended supports common 3d interchange formats including 3ds obj u3d kmz and collada so you can import view and interact with most 3d models. integration with adobe acrobat 8 software create modify and collaborate on 3d content more easily through tight integration between photoshop cs3 extended and acrobat 3d software. convert myriad 3d cad formats to the robust u3d interchange format enhance models and create composites with photoshop extended and easily embed 3d models created in photoshop extended into pdf files to distribute for review. enhanced vanishing point with 3d support edit in perspective on multiple surfaces--even those connected at angles other than 90 degrees--with the enhanced vanishing point which also lets you measure in perspective; wrap graphics images and text around multiple planes; and output 2d planes as 3d models. video and animation design movie paint enhance video directly within photoshop extended. now you can paint add text and clone over multiple frames of an imported video sequence. smooth animation workflow easily create animations from a series of still images or video frames with a new animation palette that enables onion skinning. broad video format support including quicktime import quicktime movies and most avi and mpeg files and output video and animations to mov avi mpeg-4 flv 3g flc h.264 (ipod) and dv stream. video layers create and edit images for video with maximum quality and a broader range of color models. edit and enhance grayscale rgb cmyk and lab models at 8- 16- and 32-bit depths with color management. analyze images with precision measurement counting and edit-tracking tools 2d and 3d measurement tools extract quantitative information from images with new measurement tools. easily calibrate or set the scale of an image and then use any of the photoshop extended selection tools to define and calculate distance perimeter area and other measurements. record data points in a measurement log and export data including histogram data to a spreadsheet for further analysis. scale marker show scale in images destined for presentation or publication using the scale marker which lets you easily add a scale graphic to any image. use the ruler and count tools to quickly tally image features and measure size and distance. open annotate remove identifying patient metadata prepare for analysis convert to jpeg for presentation and more with new native dicom file support in photoshop cs3 extended. count tool easily and accurately count objects or features in scientific images with the count tool which eliminates the need to perform manual calculations or rely on visual assessments of changes from image to image. history palette and edit history log undo and redo any set of editing steps in an open image with the history palette and automatically track all editing steps within your files with the edit history log. export steps to a text file or save them as part of image metadata for easier documentation of your work file audits and more. support for manufacturing medical and scientific workflows image stacks quickly combine a series of related images and render them into a single view using a wide variety of rendering options such as median and maximum. photoshop extended automatically analyzes and combines the images while preserving the originals. image stacks are extensible so third parties can write their own render modes. dicom support use the comprehensive photoshop extended toolset to import correct annotate analyze and create animations from dicom images. even automatically remove patient information from dicom metadata and batch save jpeg files for presentation purposes. matlab support pass image data directly between photoshop extended and matlab with the ability to call photoshop extended directly from the matlab command line. visualize results of matlab algorithms in the software and combine matlab processing with photoshop extended image editing to render test and refine algorithms for image processing analysis and more. work more productively efficient and flexible work environment streamlined interface and palette management maximize screen space for editing while keeping essential tools accessible. palettes are now arranged in convenient self-adjusting docks that can be widened to full size or narrowed to icons or even a thin self-revealing strip at the edge of your monitor. faster more flexible asset management with adobe bridge cs3 organize and manage images more efficiently with next-generation adobe bridge cs3 software which now delivers improved performance a filter panel for easier searching the ability to group multiple images under a single thumbnail the loupe tool offline image browsing and more. custom menus shortcuts and workspaces set up and save custom menus keyboard shortcuts and workspaces for quick access to what you need. streamlined workflow better raw-image processing process raw images with increased speed and superior conversion quality using the photoshop camera raw plug-in which now adds support for jpeg and tiff formats; new tools including fill light and dust busting; compatibility with adobe photoshop lightroom software; and support for over 150 camera models. enhanced pdf support work more easily with adobe pdf-based content. precisely control the size of pdf pages opened in photoshop extended; add security controls and metadata such as copyright and exposure details to images within pdf presentations; and create a richer image display in pdf presentations and documents. adobe photoshop lightroom jump from adobe photoshop lightroom software to photoshop cs3 extended in one click for advanced editing of your digital images. lightroom (sold separately) offers an efficient powerful way to import manage and present large volumes of digital images. improved printing experience experience better control over print quality with color management a larger print preview window and more controls in one place so you can print in fewer steps. improved printing controls co-developed by adobe and hp make printing easier and more predictable and streamline setup options via integration with select printers from hp epson and canon. presets make sophisticated color adjustments automatically with one-click presets in curves the channel mixer and the new black and white conversion dialog box. peak performance experience native performance on intel and powerpc based macintosh computers and on microsoft windows xp and windows vistaa systems. automated production automate common production tasks in a variety of ways. set up event-based scripts record a series of steps as an action for efficient batch processing and design repetitive graphics faster with variables. wide range of supported formats import and export an even greater range of file formats including psd bmp dicom cineon jpeg jpeg2000 openexr png targa and tiff. adobe device central cs3 visually emulate how your dynamic content will render on mobile devices using the built-in adobe device central cs3. zoomify export for high-resolution web display take advantage of adobe flash and zoomify technology to export high-resolution images to the web for viewing through adobe flash player software. flash player displays your images quickly and efficiently letting viewers zoom in on details with minimal delay. improved integration with other adobe tools enjoy better support for photoshop files in your other adobe software applications (sold separately). copy and paste photoshop files directly into adobe dreamweaver cs3 software projects import them into adobe flash cs3 professional software with high fidelity and preserve layer effects and video layers when you import them into adobe after effects cs3 professional software. third-party solutions and resources take advantage of a wealth of additional resources--including software plug-ins books and training--from the longstanding community of expert photoshop developers authors and trainers. auto-align layers can automatically connect a series of photos into a panorama (left). auto-blend layers can then seamlessly blend lighting and texture to complete the perfect composite image (right). composite and edit with unrivaled power maximize screen space for editing while keeping essential tools accessible. faster performance highest quality conversion and new lighting controls are some of the new hallmarks of camera raw in photoshop cs3. simple intuitive point-and-click monochrome conversion is yours with the new black and white adjustment. the new print interface in photoshop cs3 gathers all of the options you need in one easier-to-use dialog box. nondestructive editing smart filters add adjust and remove filters from an image without having to resave the image or start over to preserve quality. nondestructive smart filters allow you to visualize changes without altering original pixel data. smart objects perform nondestructive scaling rotating and warping of raster and vector graphics with smart objects. even preserve the editability of vector data from adobe illustrator software. professional color and tone control color-correction enhancements take advantage of precision color correction made faster and easier. brightness/contrast now provides better results from the same intuitive interface and enhanced curves controls let you make automatic adjustments with included presets or those you create; convert to black-and-white with point sliders; and use a histogram color channel lines and a clipping preview. black-and-white conversion easily convert color images to rich black-and-white and adjust tonal values and tints with a new tool. experiment with the included black-and-white presets or create and save your own custom presets to achieve the best results. improved channel mixer take advantage of new functionality and a host of presets that make the channel mixer easier to use for black-and-white conversion. enhanced 32-bit high dynamic range (hdr) support create and edit 32-bit images and combine multiple exposures into a single 32-bit image that preserves the full range of a scene--from the deepest shadows to the brightest highlights. new image-processing and alignment algorithms deliver superior results. and with photoshop cs3 extended you can even edit 32-bit images using brushes filters blending modes transformations selections tools aspect ratios and more. intelligent image editing and enhancement more powerful cloning and healing tools experience greater control when retouching images with cloning tools and the healing brush. clone images over time; see source pixels under your tool or brush for more precise positioning; preview changes to source content live; and set multiple source points scale and rotate in the new clone source palette. rich painting and drawing toolset create or modify images with a wide assortment of professional fully customizable paint settings artistic brushes and drawing tools. + = the faster route to perfect composites& 151;auto-align layers takes the effort out of perfectly lining up the contents of multiple layers while auto-blend layers completes the task of blending together the texture and lighting from many layers into one. easy compositing and selecting advanced compositing create more accurate composites by automatically aligning multiple photoshop layers or images based on similar content. the auto-align layers command quickly analyzes details and moves rotates or warps layers to align them perfectly and the auto-blend layers command blends the color and shading to create a smooth editable result. improved photomerge technology take advantage of refined photomerge technology which uses new layer-alignment and layer-blending capabilities to let you automatically stitch horizontal or vertical photos into seamless panoramas. quick selection and refine edge tools make selections in a snap. loosely draw on an image area and the quick selection tool automatically completes the selection for you. then preview and fine-tune your selections with the refine edge tool. flexible layers composite images text and effects on hundreds of layers for extraordinarily sophisticated results. organize layers with up to five levels of nesting and save them in different combinations as layer comps. which edition of photoshop cs3 is right for you? photoshop cs3 is available in two editions--photoshop cs3 and photoshop cs3 extended--to meet the diverse needs of professionals in a wide range of fields. adobe photoshop cs3 adobe photoshop cs3 extended builds on photoshop cs2 with dozens of improvements increased productivity with a streamlined interface camera raw enhancements next-generation adobe bridge cs3 and zoomify export unrivaled editing power with live filters more precise color correction easier black-and-white conversion and more powerful cloning and healing tools breakthrough compositing with automatic layer alignment and blending capabilities easier selections and improved photomerge(r) technology 3d and motion support with the ability to edit 3d content and incorporate it into 2d compositions paint and clone over multiple video frames and more comprehensive image analysis with new image measurement and counting tools", "title": "adobe photoshop cs3 extended [mac]", "price": "999", "source": "amazon", "id": "b000ndibq4", "manufacturer": "adobe"}, {"description": "photoshop cs3 extended delivers everything in photoshop cs3 and more. render 3d images into your 2d composites and probe your images with measurement analysis and visualization tools.", "title": "adobe photoshop cs3 extended - complete package - 1 user - academic - cd - windows", "price": "279", "source": "google", "id": "http://www.google.com/base/feeds/snippets/17046311240996370303", "manufacturer": ""}], [{"description": "the big story is flexibility and ease of use. architectural series 18 provides innovative new tools to unleash your design creativity. explore new tools for creating complex objects from simple ones presentation tools for final prints and even special tools for easily changing the design in 3d. novice or pro architectural series 18 is easy to use! a single easy-to-use interface puts powerful tools at your fingertips; you can use as many or a few as you choose and still get professional results. beginners will appreciate the video tooltips tutorials that teach you as you draw and simple drag & drop functions for windows doors furniture texture color and landscaping. professionals will appreciate the more complex features such as extensive framing and estimating mechanical design and cad functions to name a few. architectural series 18 was designed to grow with you as you become more proficient with the program. regardless of your expertise architectural series 18 makes home design an enjoyable experience.", "title": "punch! home design architectura series 18", "price": "129.99", "source": "amazon", "id": "b00006sijr", "manufacturer": "punch! software"}, {"description": "punch! home design architectural series 4000 brings you all the features of our industry-acclaimed punch! architectural series 3000 - plus we've fully integrated our most popular landscape software title master landscape pro. the result: the most powerful and comprehensive punch! architectural suite of products ever assembled into one package. 400 powerful applications all in one easy-to-use interface. regardless of your level of expertise punch! architectural series 4000 produces professional results. beginners will appreciate the built-in video tutorials - it's like an architectural designer by your side. simple drag & drop functions for windows doors furniture materials color and landscaping make producing top-notch designs a snap!", "title": "punch! home design architectural series 4000 v10", "price": "199.99", "source": "amazon", "id": "b000e65hki", "manufacturer": "punch! software"}], [{"description": "encore software 10655 : select a deck and start your bidding! hoyle the 1 best-selling brand in gaming revives a classic game to bring you hoyle bridge! system requirements: windows 98se/me/2000 sp4/xp sp1 pentium ii 233mhz 32mb ram (128mb for xp) ...", "title": "encore software 10655 - hoyle bridge - win 98 me 2000 xp", "price": "7.69", "source": "google", "id": "http://www.google.com/base/feeds/snippets/11117774223029062148", "manufacturer": ""}, {"description": "you are the doctor! emergency room code red legacy's latest interactive medical game combines the best of television drama and realistic gameplay in an unprecedented cd-rom experience. with all new cases and storylines emergency room code red extends the popular emergency room series and thought-provoking gameplay. as an er doctor in a community rife with riots and chaos you'll confront dramatic emergency cases use realistic medical tools and procedures and witness photo-realistic injuries. every decision is critical. emergency room code red is perfect for anyone with or without medical training who wants to know what it's really like to be a doctor. time triggers increase the pressure to perform critical procedures fast - after all this is an emergency room", "title": "er", "price": "19.99", "source": "amazon", "id": "b0002yitti", "manufacturer": "vivendi universal"}], [{"description": "epson - epson storyteller photo book creator - w/ 8in x 10in book with 20 pages - complete package - 1 user - std - win storyteller 8 x 10 20 pages overview today's families have shelves and walls full of framed prints shoe boxes overflowing with ...", "title": "epson s041886 epson - epson storyteller photo book creator - w/ 8in x 10in book with 20 pages - complete package - 1 user - std - win", "price": "23.61", "source": "google", "id": "http://www.google.com/base/feeds/snippets/18431066094306345892", "manufacturer": ""}, {"description": "prey is a groundbreaking first-person shooter that turns the genre upside-down with new gameplay features and next generation graphics. breaking the traditional first-person shooter format prey introduces innovative gameplay elements including wall-walking portals spirit-walking and gravity flipping which allows for insane eight player deathmatches. prey tells the story of tommy a cherokee garage mechanic stuck on a reservation and going nowhere. his life changes when an otherworldly crisis forces him to awaken spiritual powers from his long-forgotten birthright. abducted along with his people to a menacing mothership orbiting earth he sets out to save himself and his girlfriend and ultimately his planet. multiplayer multiplayer games take complete advantage of the unique gameplay styles of prey as players walk on the ceilings and walls while the map1s gravity flips from side to side note - may require advanced video processing capabilities on your mac computer", "title": "prey", "price": "39.99", "source": "amazon", "id": "b000lff13k", "manufacturer": "aspyr media"}]], "match": [[{"description": "professional and impressive!imprinted with your business name and address!guaranteed compatible with your quickbooks(r) and quickbooks for windows(r) software.neat and clean. no carbon to touch. runs easily and smoothly through your printer without ...", "title": "quickbooks(r)", "price": "199.99", "source": "google", "id": "http://www.google.com/base/feeds/snippets/853916365944801473", "manufacturer": ""}, {"description": "professional and impressive!imprinted with your business name and address!guaranteed compatible with your quickbooks(r) and quickbooks for windows(r) software.neat and clean. no carbon to touch. runs easily and smoothly through your printer without ...", "title": "quickbooks(r)", "price": "103.99", "source": "google", "id": "http://www.google.com/base/feeds/snippets/6470779068511561136", "manufacturer": ""}], [{"description": "can you save the earth from a zany invasion of wacky birds? this outrageously entertaining game is sure to keep you in stitches! over 100 addictive fun-filled levels! the birds fly fast & furious - miss too many and youall be left behind!", "title": "wacky bird hunter", "price": "19.95", "source": "amazon", "id": "b000gsa7wc", "manufacturer": "selectsoft publishing"}, {"description": "can you save the earth from a zany invasion of wacky birds? this outrageously entertaining game is sure to keep you in stitches! over 100 addictive fun-filled levels! the birds fly fast & furious - miss too many and you?ll be left behind!", "title": "wacky bird hunter", "price": "8.95", "source": "google", "id": "http://www.google.com/base/feeds/snippets/9386459009047752378", "manufacturer": ""}], [{"description": "quickbooks premier 5-user edition 2007 simplifies your everyday tasks and provides industry-specific and business-planning software designed to take your business to the next level. work flexibly with specialized easy-to-use accounting tools--all in one package. find out which version of quickbooks is right for you (pdf). you can also view an overview of key features (requires flash). access customer information easily in the customer center. view larger. manage your finances faster from the simplified home page. view larger. avoid redundant data entry with easy synchronization with outlook. view larger. transfer data to and from microsoft excel. view larger. merge quickbooks data with microsoft word. view larger. get set up and running quickly. view larger. from basics like simple check writing and expense tracking to more complex tasks like estimating job costing and payroll quickbooks premier handles it all. manage inventory pricing shipping and more with powerful tools that give you the flexible customization options your business needs. with quickbooks premier you can track inventory assemblies and finished goods create purchase orders from estimates or sales orders and define up to 100 pricing levels with different prices for each. you can also use quickbooks to access your financial data remotely easily create a business plan or automatically create a forecast. or build a budget with one click and track expenses automatically as you pay bills. what's more you can create estimates and invoices in seconds and get exactly the business reports you need. multi-user access to quickbooks this five-user version of quickbooks premier edition 2007 fosters collaboration within your business by allowing up to five users to work on quickbooks at the same time accessing the same set of updated data. multiple-user functionality helps any business that has a need for multiple people to use quickbooks. a typical multiple-user business might consist of the owner an office manager and a payroll manager. the business owner might use quickbooks to run reports and monitor business performance the office manager enters orders and invoices into quickbooks and the payroll manager prints out checks for employees. each user must have a unique license. manage customers vendors and employees easily quickbooks premier edition 2007 provides the fastest easiest way to find everything you need to know about any customer vendor or employee and all of their transactions. in the customer center you can find and follow up on past-due accounts and answer customer requests faster than ever. view contact information and complete transaction history for any customer. in the vendor center you can see purchase orders bills and payments. the employee center shows you contact information for any employee a complete list of checks paid and all employee transactions including all paychecks (both those entered manually and you created using an optional quickbooks payroll solution). process payroll with the improved payroll center which now has a review confirm and submit process that provides full confirmation of payroll scheduling. new to quickbooks premier edition 2007 time tracker is the simplest way to track and record employee time in quickbooks. your employees can track their hours from anywhere using a timesheet on the web. you can download an entire set of timesheets from quickbooks in one easy step. boost efficiency the customizable home page gives you direct access to key features plus a clear picture of how they all fit together. no searching through menus--you're never more than two clicks from starting a new task or viewing a transaction. now you can automate routine tasks and typing while letting quickbooks do all the math. you can also choose to see current balances for your accounts in quickbooks so you know right where you stand without digging through multiple screens. organize everything in one place quickbooks premier edition 2007 tracks all your financial information in one place including sales expenses business loans and more so you can get the answers you need instantly. better still it tracks that information automatically as you create the checks receipts invoices and other documents you already use. you can also use quickbooks to track business loans and fixed assets such as computers and other equipment right along with your other financial data. track vehicle expenses and job-related mileage. quickbooks will even automatically remind you to include related expenses when you bill for the job. advanced shipment processing and tracking quickbooks shipping manager converts sales receipts or invoices into pre-filled fedex or ups shipping labels and forms complete with tracking numbers and bar codes. share data with microsoft office applications break the language barriers between your favorite applications. quickbooks premier shares data seamlessly with excel word and outlook saving time and helping reduce errors. (word excel outlook integration require microsoft word excel and/or outlook 2000 2002 or 2003 all sold separately. synchronization with outlook is also possible with quickbooks customer manager sold separately). start fast and get help when you need it get started fast with built-in tutorials onscreen help and free quickbooks callback support for 30 days following registration. when starting up just answer a few basic questions and you'll get a customized setup you can change at any time. import customers and vendors from excel or enter them on-the-fly as you pay bills and record sales. if you're already using quickbooks your company file and preferences will transfer automatically. get fast answers without leaving quickbooks in the in-product onscreen help. type a question choose from a list of topics or search by keyword. learn quickbooks skills as you need them--in your own time at your own pace: the built-in learning center offers short tutorials on basic and advanced features to help you get the most out of quickbooks. guaranteed or your money back quickbooks is the financial-management software recommended by more accountants than any other and intuit guarantees your satisfaction or your money back. if you're not satisfied return the business software to intuit within 60 days with dated receipt for a refund of the purchase price. with more than 3 million users quickbooks is the most widely used small-business accounting software. it's recommended by accountants over any other product. a 13-year history of continuous improvement assures you of the simplest most flexible software for your business.", "title": "quickbooks premier edition 2007 - 5 user multi-pack", "price": "1499.95", "source": "amazon", "id": "b000hbxjve", "manufacturer": "intuit"}, {"description": "professional and impressive!imprinted with your business name and address!guaranteed compatible with your quickbooks(r) and quickbooks for windows(r) software.neat and clean. no carbon to touch. runs easily and smoothly through your printer without ...", "title": "quickbooks(r)", "price": "103.99", "source": "google", "id": "http://www.google.com/base/feeds/snippets/12917406241700772325", "manufacturer": ""}], [{"description": "project5 version 2 - virtual synthesizer workstation software for windows project5 version 2 software from cakewalk provides everything needed to create and perform great music. the software contains a complete set of superb quality instruments and ...", "title": "cakewalk project5 version 2 software music production software", "price": "199", "source": "google", "id": "http://www.google.com/base/feeds/snippets/4522979894661726264", "manufacturer": ""}, {"description": "project5 version 2 blurs the boundary between studio and stage and capture the moment as it happens. it gives you a complete set of superb quality instruments and effects for high-quality larger than life sounds - all easily in view and right at your fingertips. use its powerful recording looping sequencing and arranging tools to extend your music world. it's got all the power flexibility and portability you need in a music workstation. bring your inspiration to life whenever and wherever the passion strikes with project5 version 2. layer synths play splits from one controller route multiple controllers to multiple virtual instruments intuitive hands on control from midi keyboards and controllers optimized real-time audio engine for the feel of live performances advanced synth layering and keyboard mapping groovematrix for real-time triggering of individual midi patterns or audio loops dual-mode pattern editor for fast and extensive beat-making and pattern editing audio looping tools for matching project tempo and pitch changes automatic beat matching flexible time stretching/pitch shifting and support for multiple loops per track preview audio loops and midi patterns before rolling them out with the pattern browser simple audio recording and editing - add vocals guitars and other physical instruments to your songs to create that finished project multi-lane tracks for multi-timbral synths and advanced arranging techniques", "title": "cakewalk project5 version 2", "price": "259", "source": "amazon", "id": "b00097alks", "manufacturer": "cakewalk"}], [{"description": "system requirements powerpc g4 or g5 or intel core processor mac os x v10.4.8 java runtime environment 1.5 1gb ram 6.3gb free hard-disk space (additional space required during installation) 1024 x 768 display resolution with 16-bit video card ...", "title": "adobe cs3 design premium academic", "price": "575.99", "source": "google", "id": "http://www.google.com/base/feeds/snippets/15897742829993345210", "manufacturer": ""}, {"description": "system requirements powerpc g4 or g5 or intel core processor mac os x v10.4.8 java runtime environment 1.5 1gb ram 7gb free hard-disk space (additional space required during installation) 1024 x 768 display resolution with 16-bit video card dvd-rom ...", "title": "adobe cs3 web premium", "price": "1659.99", "source": "google", "id": "http://www.google.com/base/feeds/snippets/5767845185221029524", "manufacturer": ""}], [{"description": "kutoka interactive 61208 : mia s math adventure proposes a captivating story including numerous educational activities all of which focus on developing math skills such as fractions geometry logic mental computation... key features four levels ...", "title": "kutoka interactive 61208 - mias math adventure (just in time) (win 95 98 me 2000 xp/mac 8.6-9.x (classic) x v10.1 or higher)", "price": "18.97", "source": "google", "id": "http://www.google.com/base/feeds/snippets/18363672170449359273", "manufacturer": ""}, {"description": "mia's math adventure tells a captivating story with educational activities. games focus on developing math skills such as fractions geometry logic and mental computation. oh no! mia's house has just burnt down! but how could such a thing have ...", "title": "kutoka interactive 61208 mia's math adventure: just in time!", "price": "24.99", "source": "google", "id": "http://www.google.com/base/feeds/snippets/18434163358494173665", "manufacturer": "kutoka interactive"}], [{"description": "add style to your laser or inkjet checks!choose from several designs. all the great features of the laser checks but in your choice of elegant beige stripes with teal border light blue marble finish with darker blue border or light tan parchment ...", "title": "quicken(r) quickbooks(r) microsoft money(r) and simply money(r) elegant laser checks", "price": "114.99", "source": "google", "id": "http://www.google.com/base/feeds/snippets/2664087274907156970", "manufacturer": ""}, {"description": "use your own pc to write your checks in half the time.easy to use. continuous checks are fanfolded to run smoothly through your printer. pinholes are precision-aligned - will not jam. ncr paper make crisp copies without messy carbons. choose 1- or 2 ...", "title": "quicken(r) quickbooks(r) microsoft money(r) and simply money(r) continuous checks", "price": "121.89", "source": "google", "id": "http://www.google.com/base/feeds/snippets/17647125978438394505", "manufacturer": ""}], [{"description": "simple to do from the click of your camera to the click of your mouse transforming your photos into a customized carousel to share has never been easier. and with simple slide show you'll have everything you need to transfer your existing ...", "title": "simple slide show", "price": "15.9", "source": "google", "id": "http://www.google.com/base/feeds/snippets/4921806606938865897", "manufacturer": ""}, {"description": "in simple slideshow you have everything you need to turn existing photographs in fantastic slideshow presentations!", "title": "simple slide show", "price": "19.99", "source": "amazon", "id": "b0000yebre", "manufacturer": "topics entertainment"}], [{"description": "virusbarrier x4 10.4 for mac os x - 10 users (mac 10.2.8 or later)", "title": "virusbarrier x4 10.4 for mac-10 users", "price": "329.95", "source": "amazon", "id": "b000c55alw", "manufacturer": "intego"}, {"description": "virusbarrier x4 10.4 for mac-10 users brand: intego mpn: vbx4-10u variant name: virusbarrier x4 10.4 for mac-10 users", "title": "virusbarrier x4 10.4 for mac-10 users (vbx4-10u)", "price": "316.75", "source": "google", "id": "http://www.google.com/base/feeds/snippets/10177129616064822618", "manufacturer": ""}], [{"description": "freeverse software 005 : turn-based strategy board game in the tradition of axis & allies. solo and online play for up to six players. units include archers cavalry sloops and catapults. the world of solace awaits for those who dare! system ...", "title": "freeverse software 005 - solace (mac 9.1-9.x 10.1 or higher)", "price": "18.97", "source": "google", "id": "http://www.google.com/base/feeds/snippets/8073139122667002407", "manufacturer": ""}, {"description": "in the noble tradition of axis & alliestm freeverse software unleashes an epic strategy board game that's so addicting it will leave you sleep deprived and socially inept! in the noble tradition of axis & alliestm freeverse software unleashes an ...", "title": "freeverse software 005 solace", "price": "18.99", "source": "google", "id": "http://www.google.com/base/feeds/snippets/17001745805951209994", "manufacturer": "freeverse software"}], [{"description": "stuffit deluxe 11 provides a suite of tools that help you access compress manage protect send and backup all your important files and images!", "title": "allume stuffit deluxe 11 macintosh dvd pack sold only with a apple cpu.", "price": "19.99", "source": "google", "id": "http://www.google.com/base/feeds/snippets/18103385353112099012", "manufacturer": ""}, {"description": "stuffit deluxe 11 provides a suite of tools that help you access compress manage protect send and backup all your important files and images! only stuffit gives you access to more that 20 different compression formats. shrink documents up to 98% of their original size. free tons of space on your hard disk and your flash drive. save more compressed files onto cds or dvds! stuffit does what no other compression product has been able to do -- reduce the size of jpeg photos and images up to 30% with absolutely no loss in image quality! super-strong 512-bit encryption and password protection; passwords required to browse archives automate ftp & e-mail -- simplify your life by pointing and clicking self-repairs archived data keeping it safe and secure", "title": "stuffit deluxe 11", "price": "49.99", "source": "amazon", "id": "b000oqjdna", "manufacturer": "aladdin systems"}]]}